@@,item,itemlabel,position,positionlabel,cabinet,startdate,enddate,psid
---,Q16119688,Ahmed Awad Mubarak,Q28492176,ministre des Affaires expatriées,Q104601392,2020-12-26,,Q16119688-97ABF99B-528D-44C2-8FE2-977F243486E8
---,Q16127851,Moammar Al-Eryani,Q28492162,ministre de la Culture,Q104601392,2020-12-17,,Q16127851-05B82007-7808-437C-941A-039B4C3A14C2
---,Q114869664,Mohamed Al-Ashwal,Q28492170,ministre de l'Industrie et du Commerce,Q104601392,2020-12-17,,Q114869664-61A6D013-A179-4C11-BE46-5C2CB0DEA108
---,Q59246326,Najeeb Mansour Hameed Al Auj,Q28492151,ministre de la Communication,Q104601392,2020-12-18,,Q59246326-2dd971d5-40a9-18e2-084c-806449890931
---,Q114869735,Salem Abdullah Issa Al-Soqotri,Q28492157,ministre de la Pêche,Q104601392,2020-12-17,,Q114869735-8E71D130-94B1-43C3-87A3-DA251FD9E972
---,Q114869756,Tareq Salem Al-Abkari,Q28492165,ministre de l'Éducation,Q104601392,2020-12-17,,Q114869756-A18C28AC-0BA6-4979-A061-922E04F3CAD3
---,Q114869762,Tawfiq Al-Sharjabi,Q28492167,ministre de l'Eau et de l'Environnement,Q104601392,2020-12-17,,Q114869762-EDDA047D-4C83-4FDC-892E-D49D2CC3EC23
---,Q22690657,Waed Badhib,Q28492160,ministre de la Planification et de la Coopération internationale,Q104601392,2020-12-18,,Q22690657-296746d0-4847-bdb4-8a92-da46d1b6f9c5
